{"file_name":"hamer","texture_size":[64,64],"textures":{"caa7364f-d31d-6e36-87bf-4d84cf42d70e":"oriented:entity/auctionmaster"},"elements":[{"name":"cube","from":[7.1,5.8999996,7.7],"to":[8.9,10.1,9.5],"rotation":{"angle":0.0,"axis":"x","origin":[0.30249977,11.986501,1.4689996]},"faces":{"down":{"uv":[11.5,11.25,12.0,11.5],"rotation":180,"texture":"#caa7364f-d31d-6e36-87bf-4d84cf42d70e","tintindex":0},"east":{"uv":[10.0,11.25,13.75,11.5],"rotation":270,"texture":"#caa7364f-d31d-6e36-87bf-4d84cf42d70e","tintindex":0},"north":{"uv":[10.0,11.25,13.75,11.5],"rotation":270,"texture":"#caa7364f-d31d-6e36-87bf-4d84cf42d70e","tintindex":0},"south":{"uv":[10.0,11.25,13.75,11.5],"rotation":270,"texture":"#caa7364f-d31d-6e36-87bf-4d84cf42d70e","tintindex":0},"up":{"uv":[11.5,11.25,12.0,11.5],"rotation":180,"texture":"#caa7364f-d31d-6e36-87bf-4d84cf42d70e","tintindex":0},"west":{"uv":[10.0,11.25,13.75,11.5],"rotation":270,"texture":"#caa7364f-d31d-6e36-87bf-4d84cf42d70e","tintindex":0}}},{"name":"cube","from":[7.7,7.7,4.7],"to":[8.3,8.3,10.1],"rotation":{"angle":0.0,"axis":"x","origin":[0.30249977,11.986501,1.4689996]},"faces":{"down":{"uv":[5.25,12.25,5.5,14.5],"rotation":0,"texture":"#caa7364f-d31d-6e36-87bf-4d84cf42d70e","tintindex":0},"east":{"uv":[5.25,12.25,5.5,14.5],"rotation":0,"texture":"#caa7364f-d31d-6e36-87bf-4d84cf42d70e","tintindex":0},"north":{"uv":[7.5,12.25,7.75,12.5],"rotation":270,"texture":"#caa7364f-d31d-6e36-87bf-4d84cf42d70e","tintindex":0},"south":{"uv":[7.5,12.25,7.75,12.5],"rotation":270,"texture":"#caa7364f-d31d-6e36-87bf-4d84cf42d70e","tintindex":0},"up":{"uv":[5.25,12.25,5.5,14.5],"rotation":0,"texture":"#caa7364f-d31d-6e36-87bf-4d84cf42d70e","tintindex":0},"west":{"uv":[5.25,12.25,5.5,14.5],"rotation":0,"texture":"#caa7364f-d31d-6e36-87bf-4d84cf42d70e","tintindex":0}}}],"display":{"head":{"translation":[0.0,-6.4,0.0],"rotation":[0.0,0.0,0.0],"scale":[3.8095,3.8095,3.8095]},"gui":{"translation":[0.0,0.0,0.0],"rotation":[35.0,225.0,0.0],"scale":[0.625,0.625,0.625]}}}