{"file_name":"head","texture_size":[64,64],"textures":{"caa7364f-d31d-6e36-87bf-4d84cf42d70e":"oriented:entity/auctionmaster"},"elements":[{"name":"head","from":[5.0,8.0,5.0],"to":[11.0,14.0,11.0],"rotation":{"angle":0.0,"axis":"x","origin":[8.0,-6.4000006,8.0]},"faces":{"down":{"uv":[6.0,0.0,4.0,2.0],"rotation":0,"texture":"#caa7364f-d31d-6e36-87bf-4d84cf42d70e","tintindex":0},"east":{"uv":[0.0,2.0,2.0,4.0],"rotation":0,"texture":"#caa7364f-d31d-6e36-87bf-4d84cf42d70e","tintindex":0},"north":{"uv":[2.0,2.0,4.0,4.0],"rotation":0,"texture":"#caa7364f-d31d-6e36-87bf-4d84cf42d70e","tintindex":0},"south":{"uv":[6.0,2.0,8.0,4.0],"rotation":0,"texture":"#caa7364f-d31d-6e36-87bf-4d84cf42d70e","tintindex":0},"up":{"uv":[4.0,2.0,2.0,0.0],"rotation":0,"texture":"#caa7364f-d31d-6e36-87bf-4d84cf42d70e","tintindex":0},"west":{"uv":[4.0,2.0,6.0,4.0],"rotation":0,"texture":"#caa7364f-d31d-6e36-87bf-4d84cf42d70e","tintindex":0}}},{"name":"hat layer","from":[4.7,7.7,4.7],"to":[11.3,14.3,11.3],"rotation":{"angle":0.0,"axis":"x","origin":[8.0,-6.4000006,8.0]},"faces":{"down":{"uv":[14.0,0.0,12.0,2.0],"rotation":0,"texture":"#caa7364f-d31d-6e36-87bf-4d84cf42d70e","tintindex":0},"east":{"uv":[8.0,2.0,10.0,4.0],"rotation":0,"texture":"#caa7364f-d31d-6e36-87bf-4d84cf42d70e","tintindex":0},"north":{"uv":[10.0,2.0,12.0,4.0],"rotation":0,"texture":"#caa7364f-d31d-6e36-87bf-4d84cf42d70e","tintindex":0},"south":{"uv":[14.0,2.0,16.0,4.0],"rotation":0,"texture":"#caa7364f-d31d-6e36-87bf-4d84cf42d70e","tintindex":0},"up":{"uv":[12.0,2.0,10.0,0.0],"rotation":0,"texture":"#caa7364f-d31d-6e36-87bf-4d84cf42d70e","tintindex":0},"west":{"uv":[12.0,2.0,14.0,4.0],"rotation":0,"texture":"#caa7364f-d31d-6e36-87bf-4d84cf42d70e","tintindex":0}}},{"name":"cube","from":[5.66,14.378001,5.72],"to":[10.460001,19.178001,10.52],"rotation":{"angle":0.0,"axis":"x","origin":[7.7175,5.6865,7.751]},"faces":{"down":{"uv":[8.0,13.0,11.75,15.25],"rotation":0,"texture":"#caa7364f-d31d-6e36-87bf-4d84cf42d70e","tintindex":0},"east":{"uv":[8.0,13.0,11.75,15.25],"rotation":0,"texture":"#caa7364f-d31d-6e36-87bf-4d84cf42d70e","tintindex":0},"north":{"uv":[8.0,13.0,11.75,15.25],"rotation":0,"texture":"#caa7364f-d31d-6e36-87bf-4d84cf42d70e","tintindex":0},"south":{"uv":[8.0,13.0,11.75,15.25],"rotation":0,"texture":"#caa7364f-d31d-6e36-87bf-4d84cf42d70e","tintindex":0},"up":{"uv":[8.0,13.0,11.75,15.25],"rotation":0,"texture":"#caa7364f-d31d-6e36-87bf-4d84cf42d70e","tintindex":0},"west":{"uv":[8.0,13.0,11.75,15.25],"rotation":0,"texture":"#caa7364f-d31d-6e36-87bf-4d84cf42d70e","tintindex":0}}},{"name":"cube","from":[5.5099998,14.228001,5.5699997],"to":[10.610001,16.928001,10.67],"rotation":{"angle":0.0,"axis":"x","origin":[7.7175,5.6865,7.751]},"faces":{"down":{"uv":[8.0,13.0,11.75,15.25],"rotation":0,"texture":"#caa7364f-d31d-6e36-87bf-4d84cf42d70e","tintindex":0},"east":{"uv":[8.0,13.0,11.75,15.25],"rotation":0,"texture":"#caa7364f-d31d-6e36-87bf-4d84cf42d70e","tintindex":0},"north":{"uv":[8.0,13.0,11.75,15.25],"rotation":0,"texture":"#caa7364f-d31d-6e36-87bf-4d84cf42d70e","tintindex":0},"south":{"uv":[8.0,13.0,11.75,15.25],"rotation":0,"texture":"#caa7364f-d31d-6e36-87bf-4d84cf42d70e","tintindex":0},"up":{"uv":[8.0,13.0,11.75,15.25],"rotation":0,"texture":"#caa7364f-d31d-6e36-87bf-4d84cf42d70e","tintindex":0},"west":{"uv":[8.0,13.0,11.75,15.25],"rotation":0,"texture":"#caa7364f-d31d-6e36-87bf-4d84cf42d70e","tintindex":0}}},{"name":"cube","from":[3.2599998,14.36,3.3199997],"to":[12.860001,14.36,12.920001],"rotation":{"angle":0.0,"axis":"x","origin":[7.7175,5.6865,7.751]},"faces":{"down":{"uv":[8.0,13.0,11.75,15.25],"rotation":0,"texture":"#caa7364f-d31d-6e36-87bf-4d84cf42d70e","tintindex":0},"east":{"uv":[8.0,13.0,11.75,15.25],"rotation":0,"texture":"#caa7364f-d31d-6e36-87bf-4d84cf42d70e","tintindex":0},"north":{"uv":[8.0,13.0,11.75,15.25],"rotation":0,"texture":"#caa7364f-d31d-6e36-87bf-4d84cf42d70e","tintindex":0},"south":{"uv":[8.0,13.0,11.75,15.25],"rotation":0,"texture":"#caa7364f-d31d-6e36-87bf-4d84cf42d70e","tintindex":0},"up":{"uv":[8.0,13.0,11.75,15.25],"rotation":0,"texture":"#caa7364f-d31d-6e36-87bf-4d84cf42d70e","tintindex":0},"west":{"uv":[8.0,13.0,11.75,15.25],"rotation":0,"texture":"#caa7364f-d31d-6e36-87bf-4d84cf42d70e","tintindex":0}}}],"display":{"head":{"translation":[0.0,-6.4,0.0],"rotation":[0.0,0.0,0.0],"scale":[3.8095,3.8095,3.8095]},"gui":{"translation":[0.0,0.0,0.0],"rotation":[35.0,225.0,0.0],"scale":[0.625,0.625,0.625]}}}