{"file_name":"blacksmith","texture_size":[16,16],"textures":{"196c17d7-fab8-ab27-9fd8-c9302954ba2a":"oriented:entity/blacksmith"},"elements":[{"name":"cube","from":[1.9999998,15.2,0.19999981],"to":[6.8,21.2,6.2],"rotation":{"angle":0.0,"axis":"x","origin":[8.0,8.0,8.0]},"faces":{"down":{"uv":[6.25,8.25,9.75,11.5],"rotation":0,"texture":"#196c17d7-fab8-ab27-9fd8-c9302954ba2a","tintindex":0},"east":{"uv":[5.25,4.0,10.5,8.25],"rotation":0,"texture":"#196c17d7-fab8-ab27-9fd8-c9302954ba2a","tintindex":0},"north":{"uv":[5.25,0.0,8.75,3.25],"rotation":0,"texture":"#196c17d7-fab8-ab27-9fd8-c9302954ba2a","tintindex":0},"south":{"uv":[5.25,0.0,8.75,3.25],"rotation":0,"texture":"#196c17d7-fab8-ab27-9fd8-c9302954ba2a","tintindex":0},"up":{"uv":[0.0,15.0,1.75,16.0],"rotation":0,"texture":"#196c17d7-fab8-ab27-9fd8-c9302954ba2a","tintindex":0},"west":{"uv":[0.0,0.0,5.25,4.0],"rotation":0,"texture":"#196c17d7-fab8-ab27-9fd8-c9302954ba2a","tintindex":0}}},{"name":"cube","from":[1.9999998,11.6,0.7999997],"to":[6.8,15.2,5.6],"rotation":{"angle":0.0,"axis":"x","origin":[8.0,8.0,8.0]},"faces":{"down":{"uv":[0.0,7.5,5.25,8.25],"rotation":0,"texture":"#196c17d7-fab8-ab27-9fd8-c9302954ba2a","tintindex":0},"east":{"uv":[5.5,8.25,10.25,12.5],"rotation":0,"texture":"#196c17d7-fab8-ab27-9fd8-c9302954ba2a","tintindex":0},"north":{"uv":[5.25,0.0,8.75,4.0],"rotation":0,"texture":"#196c17d7-fab8-ab27-9fd8-c9302954ba2a","tintindex":0},"south":{"uv":[5.25,0.0,8.75,4.0],"rotation":0,"texture":"#196c17d7-fab8-ab27-9fd8-c9302954ba2a","tintindex":0},"up":{"uv":[6.5,6.5,9.3,11.375],"rotation":0,"texture":"#196c17d7-fab8-ab27-9fd8-c9302954ba2a","tintindex":0},"west":{"uv":[0.0,4.0,5.25,8.25],"rotation":0,"texture":"#196c17d7-fab8-ab27-9fd8-c9302954ba2a","tintindex":0}}},{"name":"cube","from":[6.108031,9.937641,3.1999998],"to":[6.7080307,11.737641,5.54],"rotation":{"angle":-22.5,"axis":"z","origin":[6.408031,11.437641,4.3999996]},"faces":{"down":{"uv":[8.25,11.75,10.25,14.0],"rotation":0,"texture":"#196c17d7-fab8-ab27-9fd8-c9302954ba2a","tintindex":0},"east":{"uv":[8.25,11.75,10.25,14.0],"rotation":0,"texture":"#196c17d7-fab8-ab27-9fd8-c9302954ba2a","tintindex":0},"north":{"uv":[8.25,11.75,10.25,14.0],"rotation":0,"texture":"#196c17d7-fab8-ab27-9fd8-c9302954ba2a","tintindex":0},"south":{"uv":[8.25,11.75,10.25,14.0],"rotation":0,"texture":"#196c17d7-fab8-ab27-9fd8-c9302954ba2a","tintindex":0},"up":{"uv":[8.25,11.75,10.25,14.0],"rotation":0,"texture":"#196c17d7-fab8-ab27-9fd8-c9302954ba2a","tintindex":0},"west":{"uv":[8.25,11.75,10.25,14.0],"rotation":0,"texture":"#196c17d7-fab8-ab27-9fd8-c9302954ba2a","tintindex":0}}},{"name":"cube","from":[2.0919685,9.937641,0.9199996],"to":[2.6919684,11.737641,3.2599998],"rotation":{"angle":22.5,"axis":"z","origin":[2.3919685,11.437641,4.46]},"faces":{"down":{"uv":[10.25,11.75,11.25,15.65],"rotation":0,"texture":"#196c17d7-fab8-ab27-9fd8-c9302954ba2a","tintindex":0},"east":{"uv":[10.25,11.75,8.25,14.0],"rotation":0,"texture":"#196c17d7-fab8-ab27-9fd8-c9302954ba2a","tintindex":0},"north":{"uv":[10.25,11.75,8.25,14.0],"rotation":0,"texture":"#196c17d7-fab8-ab27-9fd8-c9302954ba2a","tintindex":0},"south":{"uv":[10.25,11.75,8.25,14.0],"rotation":0,"texture":"#196c17d7-fab8-ab27-9fd8-c9302954ba2a","tintindex":0},"up":{"uv":[10.25,11.75,8.25,14.0],"rotation":0,"texture":"#196c17d7-fab8-ab27-9fd8-c9302954ba2a","tintindex":0},"west":{"uv":[10.25,11.75,8.25,14.0],"rotation":0,"texture":"#196c17d7-fab8-ab27-9fd8-c9302954ba2a","tintindex":0}}},{"name":"cube","from":[2.0919685,9.937641,3.2599998],"to":[2.6919684,11.737641,5.6],"rotation":{"angle":22.5,"axis":"z","origin":[2.3919685,11.437641,4.46]},"faces":{"down":{"uv":[10.25,11.75,8.25,14.0],"rotation":0,"texture":"#196c17d7-fab8-ab27-9fd8-c9302954ba2a","tintindex":0},"east":{"uv":[10.25,11.75,8.25,14.0],"rotation":0,"texture":"#196c17d7-fab8-ab27-9fd8-c9302954ba2a","tintindex":0},"north":{"uv":[10.25,11.75,8.25,14.0],"rotation":0,"texture":"#196c17d7-fab8-ab27-9fd8-c9302954ba2a","tintindex":0},"south":{"uv":[10.25,11.75,8.25,14.0],"rotation":0,"texture":"#196c17d7-fab8-ab27-9fd8-c9302954ba2a","tintindex":0},"up":{"uv":[10.25,11.75,8.25,14.0],"rotation":0,"texture":"#196c17d7-fab8-ab27-9fd8-c9302954ba2a","tintindex":0},"west":{"uv":[10.25,11.75,8.25,14.0],"rotation":0,"texture":"#196c17d7-fab8-ab27-9fd8-c9302954ba2a","tintindex":0}}},{"name":"cube","from":[6.108031,9.937641,0.8599999],"to":[6.7080307,11.737641,3.1999998],"rotation":{"angle":-22.5,"axis":"z","origin":[6.408031,11.437641,4.3999996]},"faces":{"down":{"uv":[8.25,11.75,10.25,14.0],"rotation":0,"texture":"#196c17d7-fab8-ab27-9fd8-c9302954ba2a","tintindex":0},"east":{"uv":[8.25,11.75,10.25,14.0],"rotation":0,"texture":"#196c17d7-fab8-ab27-9fd8-c9302954ba2a","tintindex":0},"north":{"uv":[8.25,11.75,10.25,14.0],"rotation":0,"texture":"#196c17d7-fab8-ab27-9fd8-c9302954ba2a","tintindex":0},"south":{"uv":[8.25,11.75,10.25,14.0],"rotation":0,"texture":"#196c17d7-fab8-ab27-9fd8-c9302954ba2a","tintindex":0},"up":{"uv":[8.25,11.75,10.25,14.0],"rotation":0,"texture":"#196c17d7-fab8-ab27-9fd8-c9302954ba2a","tintindex":0},"west":{"uv":[8.25,11.75,10.25,14.0],"rotation":0,"texture":"#196c17d7-fab8-ab27-9fd8-c9302954ba2a","tintindex":0}}}],"display":{"head":{"translation":[0.0,-6.4,0.0],"rotation":[0.0,0.0,0.0],"scale":[3.8095,3.8095,3.8095]},"gui":{"translation":[0.0,0.0,0.0],"rotation":[35.0,225.0,0.0],"scale":[0.625,0.625,0.625]}}}