{"file_name":"head","texture_size":[16,16],"textures":{"196c17d7-fab8-ab27-9fd8-c9302954ba2a":"oriented:entity/blacksmith"},"elements":[{"name":"cube","from":[7.661,7.575874,6.405875],"to":[12.4609995,12.3758745,11.205875],"rotation":{"angle":0.0,"axis":"x","origin":[8.693,9.087874,8.358875]},"faces":{"down":{"uv":[6.0,1.25,8.0,3.0],"rotation":0,"texture":"#196c17d7-fab8-ab27-9fd8-c9302954ba2a","tintindex":0},"east":{"uv":[12.75,12.0,16.0,15.75],"rotation":0,"texture":"#196c17d7-fab8-ab27-9fd8-c9302954ba2a","tintindex":0},"north":{"uv":[10.5,4.0,14.25,8.0],"rotation":0,"texture":"#196c17d7-fab8-ab27-9fd8-c9302954ba2a","tintindex":0},"south":{"uv":[10.5,8.0,14.25,12.0],"rotation":0,"texture":"#196c17d7-fab8-ab27-9fd8-c9302954ba2a","tintindex":0},"up":{"uv":[12.25,0.0,15.75,4.0],"rotation":0,"texture":"#196c17d7-fab8-ab27-9fd8-c9302954ba2a","tintindex":0},"west":{"uv":[8.75,0.0,12.25,4.0],"rotation":0,"texture":"#196c17d7-fab8-ab27-9fd8-c9302954ba2a","tintindex":0}}},{"name":"cube","from":[7.4,11.54,9.38],"to":[8.0,13.04,10.88],"rotation":{"angle":0.0,"axis":"x","origin":[9.26,4.0478745,8.358875]},"faces":{"down":{"uv":[14.25,10.25,14.5,12.0],"rotation":0,"texture":"#196c17d7-fab8-ab27-9fd8-c9302954ba2a","tintindex":0},"east":{"uv":[14.25,10.25,16.0,12.0],"rotation":0,"texture":"#196c17d7-fab8-ab27-9fd8-c9302954ba2a","tintindex":0},"north":{"uv":[14.25,10.25,14.5,12.0],"rotation":0,"texture":"#196c17d7-fab8-ab27-9fd8-c9302954ba2a","tintindex":0},"south":{"uv":[14.25,10.25,14.5,12.0],"rotation":0,"texture":"#196c17d7-fab8-ab27-9fd8-c9302954ba2a","tintindex":0},"up":{"uv":[14.25,10.25,14.5,12.0],"rotation":0,"texture":"#196c17d7-fab8-ab27-9fd8-c9302954ba2a","tintindex":0},"west":{"uv":[14.25,12.0,16.0,10.25],"rotation":0,"texture":"#196c17d7-fab8-ab27-9fd8-c9302954ba2a","tintindex":0}}},{"name":"cube","from":[7.4,11.54,6.74],"to":[8.0,13.04,8.24],"rotation":{"angle":0.0,"axis":"x","origin":[9.26,4.0478745,8.358875]},"faces":{"down":{"uv":[14.25,10.25,14.5,12.0],"rotation":0,"texture":"#196c17d7-fab8-ab27-9fd8-c9302954ba2a","tintindex":0},"east":{"uv":[14.25,10.25,16.0,12.0],"rotation":0,"texture":"#196c17d7-fab8-ab27-9fd8-c9302954ba2a","tintindex":0},"north":{"uv":[14.25,10.25,14.5,12.0],"rotation":0,"texture":"#196c17d7-fab8-ab27-9fd8-c9302954ba2a","tintindex":0},"south":{"uv":[14.25,10.25,14.5,12.0],"rotation":0,"texture":"#196c17d7-fab8-ab27-9fd8-c9302954ba2a","tintindex":0},"up":{"uv":[14.25,10.25,14.5,12.0],"rotation":0,"texture":"#196c17d7-fab8-ab27-9fd8-c9302954ba2a","tintindex":0},"west":{"uv":[16.0,10.25,14.25,12.0],"rotation":0,"texture":"#196c17d7-fab8-ab27-9fd8-c9302954ba2a","tintindex":0}}},{"name":"cube","from":[7.661,11.54,6.1399994],"to":[12.941001,12.14,11.54],"rotation":{"angle":0.0,"axis":"x","origin":[9.26,4.0478745,8.358875]},"faces":{"down":{"uv":[1.75,15.0,3.5,15.5],"rotation":0,"texture":"#196c17d7-fab8-ab27-9fd8-c9302954ba2a","tintindex":0},"east":{"uv":[1.75,15.0,3.5,15.5],"rotation":0,"texture":"#196c17d7-fab8-ab27-9fd8-c9302954ba2a","tintindex":0},"north":{"uv":[1.75,15.0,3.5,15.5],"rotation":0,"texture":"#196c17d7-fab8-ab27-9fd8-c9302954ba2a","tintindex":0},"south":{"uv":[1.75,15.0,3.5,15.5],"rotation":0,"texture":"#196c17d7-fab8-ab27-9fd8-c9302954ba2a","tintindex":0},"up":{"uv":[1.75,15.0,3.5,15.5],"rotation":0,"texture":"#196c17d7-fab8-ab27-9fd8-c9302954ba2a","tintindex":0},"west":{"uv":[1.75,15.0,3.5,15.5],"rotation":0,"texture":"#196c17d7-fab8-ab27-9fd8-c9302954ba2a","tintindex":0}}},{"name":"cube","from":[8.3,6.4399996,6.8599997],"to":[11.900001,8.84,11.06],"rotation":{"angle":0.0,"axis":"x","origin":[8.0,8.0,8.0]},"faces":{"down":{"uv":[7.0,9.0,9.0,11.0],"rotation":0,"texture":"#196c17d7-fab8-ab27-9fd8-c9302954ba2a","tintindex":0},"east":{"uv":[7.0,9.0,9.0,11.0],"rotation":0,"texture":"#196c17d7-fab8-ab27-9fd8-c9302954ba2a","tintindex":0},"north":{"uv":[7.0,9.0,9.0,11.0],"rotation":0,"texture":"#196c17d7-fab8-ab27-9fd8-c9302954ba2a","tintindex":0},"south":{"uv":[7.0,9.0,9.0,11.0],"rotation":0,"texture":"#196c17d7-fab8-ab27-9fd8-c9302954ba2a","tintindex":0},"up":{"uv":[7.0,9.0,9.0,11.0],"rotation":0,"texture":"#196c17d7-fab8-ab27-9fd8-c9302954ba2a","tintindex":0},"west":{"uv":[7.0,9.0,9.0,11.0],"rotation":0,"texture":"#196c17d7-fab8-ab27-9fd8-c9302954ba2a","tintindex":0}}}],"display":{"head":{"translation":[0.0,-6.4,0.0],"rotation":[0.0,0.0,0.0],"scale":[3.8095,3.8095,3.8095]},"gui":{"translation":[0.0,0.0,0.0],"rotation":[35.0,225.0,0.0],"scale":[0.625,0.625,0.625]}}}