{"file_name":"leftarm","texture_size":[16,16],"textures":{"196c17d7-fab8-ab27-9fd8-c9302954ba2a":"oriented:entity/blacksmith"},"elements":[{"name":"cube","from":[5.8999996,6.605171,6.845],"to":[10.1,10.805172,11.045],"rotation":{"angle":0.0,"axis":"x","origin":[8.4455,-1.3688293,16.808]},"faces":{"down":{"uv":[5.25,0.0,8.75,3.25],"rotation":0,"texture":"#196c17d7-fab8-ab27-9fd8-c9302954ba2a","tintindex":0},"east":{"uv":[2.75,8.25,5.525,11.1],"rotation":0,"texture":"#196c17d7-fab8-ab27-9fd8-c9302954ba2a","tintindex":0},"north":{"uv":[6.5,8.0,9.025,10.85],"rotation":0,"texture":"#196c17d7-fab8-ab27-9fd8-c9302954ba2a","tintindex":0},"south":{"uv":[0.0,8.25,2.75,11.0],"rotation":0,"texture":"#196c17d7-fab8-ab27-9fd8-c9302954ba2a","tintindex":0},"up":{"uv":[5.5,8.25,8.025,11.025],"rotation":0,"texture":"#196c17d7-fab8-ab27-9fd8-c9302954ba2a","tintindex":0},"west":{"uv":[2.75,8.25,5.5,11.0],"rotation":0,"texture":"#196c17d7-fab8-ab27-9fd8-c9302954ba2a","tintindex":0}}},{"name":"cube","from":[6.5,1.8741708,7.16],"to":[9.5,6.674171,10.16],"rotation":{"angle":0.0,"axis":"x","origin":[8.4455,-1.3688293,16.808]},"faces":{"down":{"uv":[6.75,7.75,8.9,10.025],"rotation":0,"texture":"#196c17d7-fab8-ab27-9fd8-c9302954ba2a","tintindex":0},"east":{"uv":[6.75,8.25,9.025,10.95],"rotation":0,"texture":"#196c17d7-fab8-ab27-9fd8-c9302954ba2a","tintindex":0},"north":{"uv":[6.75,9.0,8.9,11.7],"rotation":0,"texture":"#196c17d7-fab8-ab27-9fd8-c9302954ba2a","tintindex":0},"south":{"uv":[6.75,7.5,8.9,10.2],"rotation":0,"texture":"#196c17d7-fab8-ab27-9fd8-c9302954ba2a","tintindex":0},"up":{"uv":[6.75,7.25,8.9,9.525],"rotation":0,"texture":"#196c17d7-fab8-ab27-9fd8-c9302954ba2a","tintindex":0},"west":{"uv":[3.25,8.25,5.525,10.95],"rotation":0,"texture":"#196c17d7-fab8-ab27-9fd8-c9302954ba2a","tintindex":0}}},{"name":"cube","from":[6.2,-1.4528294,6.8599997],"to":[9.8,2.1471708,10.460001],"rotation":{"angle":0.0,"axis":"x","origin":[8.4455,-1.3688293,16.808]},"faces":{"down":{"uv":[5.5,12.5,7.9,15.0],"rotation":0,"texture":"#196c17d7-fab8-ab27-9fd8-c9302954ba2a","tintindex":0},"east":{"uv":[5.5,9.5,8.0,15.0],"rotation":0,"texture":"#196c17d7-fab8-ab27-9fd8-c9302954ba2a","tintindex":0},"north":{"uv":[5.5,9.5,8.0,15.0],"rotation":0,"texture":"#196c17d7-fab8-ab27-9fd8-c9302954ba2a","tintindex":0},"south":{"uv":[5.5,9.25,8.0,15.0],"rotation":0,"texture":"#196c17d7-fab8-ab27-9fd8-c9302954ba2a","tintindex":0},"up":{"uv":[1.25,10.25,3.65,12.75],"rotation":0,"texture":"#196c17d7-fab8-ab27-9fd8-c9302954ba2a","tintindex":0},"west":{"uv":[0.0,11.0,2.5,15.0],"rotation":0,"texture":"#196c17d7-fab8-ab27-9fd8-c9302954ba2a","tintindex":0}}}],"display":{"head":{"translation":[0.0,-6.4,0.0],"rotation":[0.0,0.0,0.0],"scale":[3.8095,3.8095,3.8095]},"gui":{"translation":[0.0,0.0,0.0],"rotation":[35.0,225.0,0.0],"scale":[0.625,0.625,0.625]}}}