{"file_name":"leftleg","texture_size":[16,16],"textures":{"196c17d7-fab8-ab27-9fd8-c9302954ba2a":"oriented:entity/blacksmith"},"elements":[{"name":"cube","from":[6.2,1.9999998,9.440001],"to":[9.8,10.4,11.84],"rotation":{"angle":0.0,"axis":"x","origin":[6.92,15.758,9.476001]},"faces":{"down":{"uv":[8.0,15.5,10.25,16.0],"rotation":0,"texture":"#196c17d7-fab8-ab27-9fd8-c9302954ba2a","tintindex":0},"east":{"uv":[8.0,12.5,10.25,16.0],"rotation":0,"texture":"#196c17d7-fab8-ab27-9fd8-c9302954ba2a","tintindex":0},"north":{"uv":[8.0,12.5,10.25,16.0],"rotation":0,"texture":"#196c17d7-fab8-ab27-9fd8-c9302954ba2a","tintindex":0},"south":{"uv":[8.0,12.5,10.25,16.0],"rotation":0,"texture":"#196c17d7-fab8-ab27-9fd8-c9302954ba2a","tintindex":0},"up":{"uv":[8.0,12.5,10.25,13.75],"rotation":0,"texture":"#196c17d7-fab8-ab27-9fd8-c9302954ba2a","tintindex":0},"west":{"uv":[8.0,12.5,10.25,16.0],"rotation":0,"texture":"#196c17d7-fab8-ab27-9fd8-c9302954ba2a","tintindex":0}}}],"display":{"head":{"translation":[0.0,-6.4,0.0],"rotation":[0.0,0.0,0.0],"scale":[3.8095,3.8095,3.8095]},"gui":{"translation":[0.0,0.0,0.0],"rotation":[35.0,225.0,0.0],"scale":[0.625,0.625,0.625]}}}