{"file_name":"rightarm","texture_size":[16,16],"textures":{"196c17d7-fab8-ab27-9fd8-c9302954ba2a":"oriented:entity/blacksmith"},"elements":[{"name":"cube","from":[5.8999996,6.66517,4.1749997],"to":[10.1,10.8651705,8.375],"rotation":{"angle":0.0,"axis":"x","origin":[8.4455,-1.3088303,-1.5880003]},"faces":{"down":{"uv":[5.25,3.25,8.75,0.0],"rotation":0,"texture":"#196c17d7-fab8-ab27-9fd8-c9302954ba2a","tintindex":0},"east":{"uv":[5.525,8.25,2.75,11.1],"rotation":0,"texture":"#196c17d7-fab8-ab27-9fd8-c9302954ba2a","tintindex":0},"north":{"uv":[2.75,8.25,0.0,11.0],"rotation":0,"texture":"#196c17d7-fab8-ab27-9fd8-c9302954ba2a","tintindex":0},"south":{"uv":[9.025,8.0,6.5,10.85],"rotation":0,"texture":"#196c17d7-fab8-ab27-9fd8-c9302954ba2a","tintindex":0},"up":{"uv":[5.5,11.025,8.025,8.25],"rotation":0,"texture":"#196c17d7-fab8-ab27-9fd8-c9302954ba2a","tintindex":0},"west":{"uv":[5.5,8.25,2.75,11.0],"rotation":0,"texture":"#196c17d7-fab8-ab27-9fd8-c9302954ba2a","tintindex":0}}},{"name":"cube","from":[6.5,1.9341699,5.06],"to":[9.5,6.73417,8.06],"rotation":{"angle":0.0,"axis":"x","origin":[8.4455,-1.3088303,-1.5880003]},"faces":{"down":{"uv":[6.75,10.025,8.9,7.75],"rotation":0,"texture":"#196c17d7-fab8-ab27-9fd8-c9302954ba2a","tintindex":0},"east":{"uv":[9.025,8.25,6.75,10.95],"rotation":0,"texture":"#196c17d7-fab8-ab27-9fd8-c9302954ba2a","tintindex":0},"north":{"uv":[8.9,7.5,6.75,10.2],"rotation":0,"texture":"#196c17d7-fab8-ab27-9fd8-c9302954ba2a","tintindex":0},"south":{"uv":[8.9,9.0,6.75,11.7],"rotation":0,"texture":"#196c17d7-fab8-ab27-9fd8-c9302954ba2a","tintindex":0},"up":{"uv":[6.75,9.525,8.9,7.25],"rotation":0,"texture":"#196c17d7-fab8-ab27-9fd8-c9302954ba2a","tintindex":0},"west":{"uv":[5.525,8.25,3.25,10.95],"rotation":0,"texture":"#196c17d7-fab8-ab27-9fd8-c9302954ba2a","tintindex":0}}},{"name":"cube","from":[6.4595,-1.3928304,4.7599998],"to":[10.0595,2.20717,8.360001],"rotation":{"angle":0.0,"axis":"x","origin":[8.4455,-1.3088303,-1.5880003]},"faces":{"down":{"uv":[5.5,15.0,7.9,12.5],"rotation":0,"texture":"#196c17d7-fab8-ab27-9fd8-c9302954ba2a","tintindex":0},"east":{"uv":[8.0,9.5,5.5,15.0],"rotation":0,"texture":"#196c17d7-fab8-ab27-9fd8-c9302954ba2a","tintindex":0},"north":{"uv":[8.0,9.25,5.5,15.0],"rotation":0,"texture":"#196c17d7-fab8-ab27-9fd8-c9302954ba2a","tintindex":0},"south":{"uv":[8.0,9.5,5.5,15.0],"rotation":0,"texture":"#196c17d7-fab8-ab27-9fd8-c9302954ba2a","tintindex":0},"up":{"uv":[1.25,12.75,3.65,10.25],"rotation":0,"texture":"#196c17d7-fab8-ab27-9fd8-c9302954ba2a","tintindex":0},"west":{"uv":[2.5,11.0,0.0,15.0],"rotation":0,"texture":"#196c17d7-fab8-ab27-9fd8-c9302954ba2a","tintindex":0}}},{"name":"cube","from":[2.1042576,-0.46035242,6.73775],"to":[13.504258,0.7396476,7.93775],"rotation":{"angle":0.0,"axis":"x","origin":[8.224258,3.529648,11.72375]},"faces":{"down":{"uv":[0.0,7.5,5.25,8.25],"rotation":0,"texture":"#196c17d7-fab8-ab27-9fd8-c9302954ba2a","tintindex":0},"east":{"uv":[3.5,7.5,4.5,8.25],"rotation":0,"texture":"#196c17d7-fab8-ab27-9fd8-c9302954ba2a","tintindex":0},"north":{"uv":[0.0,7.5,5.25,8.25],"rotation":0,"texture":"#196c17d7-fab8-ab27-9fd8-c9302954ba2a","tintindex":0},"south":{"uv":[0.0,7.5,5.25,8.25],"rotation":0,"texture":"#196c17d7-fab8-ab27-9fd8-c9302954ba2a","tintindex":0},"up":{"uv":[0.0,7.5,5.25,8.25],"rotation":0,"texture":"#196c17d7-fab8-ab27-9fd8-c9302954ba2a","tintindex":0},"west":{"uv":[5.5,11.75,7.75,12.5],"rotation":0,"texture":"#196c17d7-fab8-ab27-9fd8-c9302954ba2a","tintindex":0}}},{"name":"cube","from":[0.046257496,-2.7973523,5.27375],"to":[3.6462579,3.202648,8.87375],"rotation":{"angle":0.0,"axis":"x","origin":[8.224258,3.529648,11.72375]},"faces":{"down":{"uv":[10.25,12.0,12.675,15.3],"rotation":0,"texture":"#196c17d7-fab8-ab27-9fd8-c9302954ba2a","tintindex":0},"east":{"uv":[10.25,12.0,12.75,15.25],"rotation":0,"texture":"#196c17d7-fab8-ab27-9fd8-c9302954ba2a","tintindex":0},"north":{"uv":[10.25,12.0,12.75,15.25],"rotation":0,"texture":"#196c17d7-fab8-ab27-9fd8-c9302954ba2a","tintindex":0},"south":{"uv":[10.25,12.0,12.75,15.25],"rotation":0,"texture":"#196c17d7-fab8-ab27-9fd8-c9302954ba2a","tintindex":0},"up":{"uv":[10.25,12.0,12.75,15.25],"rotation":0,"texture":"#196c17d7-fab8-ab27-9fd8-c9302954ba2a","tintindex":0},"west":{"uv":[10.25,12.0,12.75,15.25],"rotation":0,"texture":"#196c17d7-fab8-ab27-9fd8-c9302954ba2a","tintindex":0}}}],"display":{"head":{"translation":[0.0,-6.4,0.0],"rotation":[0.0,0.0,0.0],"scale":[3.8095,3.8095,3.8095]},"gui":{"translation":[0.0,0.0,0.0],"rotation":[35.0,225.0,0.0],"scale":[0.625,0.625,0.625]}}}