{"file_name":"knife","texture_size":[64,64],"textures":{"075ce4c4-32a6-c5a9-09e6-eb43f35dd087":"oriented:entity/haned-sword","cca3a393-d789-d336-cf43-e4d97d4de095":"oriented:entity/steve"},"elements":[{"name":"cube","from":[12.8,9.995001,12.365],"to":[13.115,12.83,13.775001],"rotation":{"angle":0.0,"axis":"x","origin":[8.0,8.0,8.0]},"faces":{"down":{"uv":[0.0,0.0,0.2625,1.175],"rotation":0,"texture":"#075ce4c4-32a6-c5a9-09e6-eb43f35dd087","tintindex":0},"east":{"uv":[0.0,2.0,3.0,6.0],"rotation":0,"texture":"#075ce4c4-32a6-c5a9-09e6-eb43f35dd087","tintindex":0},"north":{"uv":[1.0,0.0,2.0,5.0],"rotation":0,"texture":"#075ce4c4-32a6-c5a9-09e6-eb43f35dd087","tintindex":0},"south":{"uv":[1.0,0.0,2.0,6.0],"rotation":0,"texture":"#075ce4c4-32a6-c5a9-09e6-eb43f35dd087","tintindex":0},"up":{"uv":[0.0,0.0,3.0,1.0],"rotation":0,"texture":"#075ce4c4-32a6-c5a9-09e6-eb43f35dd087","tintindex":0},"west":{"uv":[0.0,1.0,3.0,6.0],"rotation":0,"texture":"#075ce4c4-32a6-c5a9-09e6-eb43f35dd087","tintindex":0}}},{"name":"cube","from":[12.8,8.495001,12.215],"to":[13.115,9.98,13.925],"rotation":{"angle":0.0,"axis":"x","origin":[8.0,8.0,8.0]},"faces":{"down":{"uv":[0.0,0.0,0.2625,1.425],"rotation":0,"texture":"#075ce4c4-32a6-c5a9-09e6-eb43f35dd087","tintindex":0},"east":{"uv":[0.0,2.0,3.0,5.0],"rotation":0,"texture":"#075ce4c4-32a6-c5a9-09e6-eb43f35dd087","tintindex":0},"north":{"uv":[1.0,0.0,2.0,5.0],"rotation":0,"texture":"#075ce4c4-32a6-c5a9-09e6-eb43f35dd087","tintindex":0},"south":{"uv":[1.0,1.0,2.0,6.0],"rotation":0,"texture":"#075ce4c4-32a6-c5a9-09e6-eb43f35dd087","tintindex":0},"up":{"uv":[0.0,0.0,0.2625,1.425],"rotation":0,"texture":"#075ce4c4-32a6-c5a9-09e6-eb43f35dd087","tintindex":0},"west":{"uv":[0.0,2.0,3.0,5.0],"rotation":0,"texture":"#075ce4c4-32a6-c5a9-09e6-eb43f35dd087","tintindex":0}}},{"name":"cube","from":[12.815,12.845,12.515],"to":[13.085,21.080002,13.625],"rotation":{"angle":0.0,"axis":"x","origin":[8.0,8.0,8.0]},"faces":{"down":{"uv":[0.0,0.0,0.5,0.925],"rotation":0,"texture":"#075ce4c4-32a6-c5a9-09e6-eb43f35dd087","tintindex":0},"east":{"uv":[0.0,0.0,3.0,9.0],"rotation":0,"texture":"#075ce4c4-32a6-c5a9-09e6-eb43f35dd087","tintindex":0},"north":{"uv":[0.0,2.0,1.0,9.0],"rotation":0,"texture":"#075ce4c4-32a6-c5a9-09e6-eb43f35dd087","tintindex":0},"south":{"uv":[0.0,2.0,1.0,9.0],"rotation":0,"texture":"#075ce4c4-32a6-c5a9-09e6-eb43f35dd087","tintindex":0},"up":{"uv":[0.0,0.0,3.0,1.0],"rotation":0,"texture":"#075ce4c4-32a6-c5a9-09e6-eb43f35dd087","tintindex":0},"west":{"uv":[0.0,0.0,3.0,9.0],"rotation":0,"texture":"#075ce4c4-32a6-c5a9-09e6-eb43f35dd087","tintindex":0}}},{"name":"cube","from":[12.845,21.095001,12.665],"to":[13.025001,23.18,13.475],"rotation":{"angle":0.0,"axis":"x","origin":[8.0,8.0,8.0]},"faces":{"down":{"uv":[0.0,0.0,0.15,0.675],"rotation":0,"texture":"#075ce4c4-32a6-c5a9-09e6-eb43f35dd087","tintindex":0},"east":{"uv":[0.0,0.0,3.0,4.0],"rotation":0,"texture":"#075ce4c4-32a6-c5a9-09e6-eb43f35dd087","tintindex":0},"north":{"uv":[0.0,0.0,0.15,1.7375],"rotation":0,"texture":"#075ce4c4-32a6-c5a9-09e6-eb43f35dd087","tintindex":0},"south":{"uv":[0.0,2.0,1.0,7.0],"rotation":0,"texture":"#075ce4c4-32a6-c5a9-09e6-eb43f35dd087","tintindex":0},"up":{"uv":[0.0,0.0,0.15,0.675],"rotation":0,"texture":"#075ce4c4-32a6-c5a9-09e6-eb43f35dd087","tintindex":0},"west":{"uv":[0.0,0.0,3.0,4.0],"rotation":0,"texture":"#075ce4c4-32a6-c5a9-09e6-eb43f35dd087","tintindex":0}}},{"name":"cube","from":[12.845,23.195,12.815],"to":[13.025001,25.279999,13.295001],"rotation":{"angle":0.0,"axis":"x","origin":[8.0,8.0,8.0]},"faces":{"down":{"uv":[0.0,0.0,0.15,0.4],"rotation":0,"texture":"#075ce4c4-32a6-c5a9-09e6-eb43f35dd087","tintindex":0},"east":{"uv":[0.0,0.0,0.4,1.7375],"rotation":0,"texture":"#075ce4c4-32a6-c5a9-09e6-eb43f35dd087","tintindex":0},"north":{"uv":[0.0,5.0,1.0,9.0],"rotation":0,"texture":"#075ce4c4-32a6-c5a9-09e6-eb43f35dd087","tintindex":0},"south":{"uv":[0.0,5.0,1.0,9.0],"rotation":0,"texture":"#075ce4c4-32a6-c5a9-09e6-eb43f35dd087","tintindex":0},"up":{"uv":[0.0,0.0,0.15,0.4],"rotation":0,"texture":"#075ce4c4-32a6-c5a9-09e6-eb43f35dd087","tintindex":0},"west":{"uv":[0.0,0.0,3.0,9.0],"rotation":0,"texture":"#075ce4c4-32a6-c5a9-09e6-eb43f35dd087","tintindex":0}}}],"display":{"head":{"translation":[0.0,-6.4,0.0],"rotation":[0.0,0.0,0.0],"scale":[3.8095,3.8095,3.8095]},"gui":{"translation":[0.0,0.0,0.0],"rotation":[35.0,225.0,0.0],"scale":[0.625,0.625,0.625]}}}