{"file_name":"weapon","texture_size":[64,64],"textures":{"075ce4c4-32a6-c5a9-09e6-eb43f35dd087":"oriented:entity/haned-sword","cca3a393-d789-d336-cf43-e4d97d4de095":"oriented:entity/steve"},"elements":[{"name":"cube","from":[12.650001,3.6799998,12.725],"to":[13.25,7.205,13.475],"rotation":{"angle":0.0,"axis":"x","origin":[8.0,8.0,8.0]},"faces":{"down":{"uv":[0.0,0.0,0.5,0.625],"rotation":0,"texture":"#075ce4c4-32a6-c5a9-09e6-eb43f35dd087","tintindex":0},"east":{"uv":[3.0,3.0,6.0,9.0],"rotation":0,"texture":"#075ce4c4-32a6-c5a9-09e6-eb43f35dd087","tintindex":0},"north":{"uv":[3.0,0.0,3.5,3.5625],"rotation":0,"texture":"#075ce4c4-32a6-c5a9-09e6-eb43f35dd087","tintindex":0},"south":{"uv":[3.0,0.0,4.0,4.0],"rotation":0,"texture":"#075ce4c4-32a6-c5a9-09e6-eb43f35dd087","tintindex":0},"up":{"uv":[0.0,0.0,0.5,0.625],"rotation":0,"texture":"#075ce4c4-32a6-c5a9-09e6-eb43f35dd087","tintindex":0},"west":{"uv":[3.0,2.0,6.0,8.0],"rotation":0,"texture":"#075ce4c4-32a6-c5a9-09e6-eb43f35dd087","tintindex":0}}},{"name":"cube","from":[12.56,7.88,11.765],"to":[13.31,8.465,14.375],"rotation":{"angle":0.0,"axis":"x","origin":[8.0,8.0,8.0]},"faces":{"down":{"uv":[3.0,0.0,3.625,2.175],"rotation":0,"texture":"#075ce4c4-32a6-c5a9-09e6-eb43f35dd087","tintindex":0},"east":{"uv":[3.0,0.0,6.0,3.0],"rotation":0,"texture":"#075ce4c4-32a6-c5a9-09e6-eb43f35dd087","tintindex":0},"north":{"uv":[3.0,0.0,5.0,1.0],"rotation":0,"texture":"#075ce4c4-32a6-c5a9-09e6-eb43f35dd087","tintindex":0},"south":{"uv":[3.0,0.0,5.0,1.0],"rotation":0,"texture":"#075ce4c4-32a6-c5a9-09e6-eb43f35dd087","tintindex":0},"up":{"uv":[3.0,3.0,6.0,5.0],"rotation":0,"texture":"#075ce4c4-32a6-c5a9-09e6-eb43f35dd087","tintindex":0},"west":{"uv":[3.0,0.0,6.0,3.0],"rotation":0,"texture":"#075ce4c4-32a6-c5a9-09e6-eb43f35dd087","tintindex":0}}},{"name":"cube","from":[12.755,8.014999,14.375],"to":[13.115,8.375,14.765],"rotation":{"angle":0.0,"axis":"x","origin":[8.0,8.0,8.0]},"faces":{"down":{"uv":[3.0,1.0,4.0,2.0],"rotation":0,"texture":"#075ce4c4-32a6-c5a9-09e6-eb43f35dd087","tintindex":0},"east":{"uv":[3.0,0.0,6.0,5.0],"rotation":0,"texture":"#075ce4c4-32a6-c5a9-09e6-eb43f35dd087","tintindex":0},"north":{"uv":[0.0,0.0,0.3,0.3],"rotation":0,"texture":"#075ce4c4-32a6-c5a9-09e6-eb43f35dd087","tintindex":0},"south":{"uv":[0.0,0.0,0.3,0.3],"rotation":0,"texture":"#075ce4c4-32a6-c5a9-09e6-eb43f35dd087","tintindex":0},"up":{"uv":[3.0,0.0,4.0,1.0],"rotation":0,"texture":"#075ce4c4-32a6-c5a9-09e6-eb43f35dd087","tintindex":0},"west":{"uv":[3.0,1.0,4.0,2.0],"rotation":0,"texture":"#075ce4c4-32a6-c5a9-09e6-eb43f35dd087","tintindex":0}}},{"name":"cube","from":[12.71,8.014999,14.765],"to":[13.19,8.375,16.355],"rotation":{"angle":0.0,"axis":"x","origin":[8.0,8.0,8.0]},"faces":{"down":{"uv":[3.0,0.0,4.0,1.0],"rotation":0,"texture":"#075ce4c4-32a6-c5a9-09e6-eb43f35dd087","tintindex":0},"east":{"uv":[3.0,3.0,6.0,6.0],"rotation":0,"texture":"#075ce4c4-32a6-c5a9-09e6-eb43f35dd087","tintindex":0},"north":{"uv":[3.0,0.0,4.0,1.0],"rotation":0,"texture":"#075ce4c4-32a6-c5a9-09e6-eb43f35dd087","tintindex":0},"south":{"uv":[3.0,0.0,4.0,1.0],"rotation":0,"texture":"#075ce4c4-32a6-c5a9-09e6-eb43f35dd087","tintindex":0},"up":{"uv":[3.0,0.0,6.0,2.0],"rotation":0,"texture":"#075ce4c4-32a6-c5a9-09e6-eb43f35dd087","tintindex":0},"west":{"uv":[3.0,0.0,6.0,2.0],"rotation":0,"texture":"#075ce4c4-32a6-c5a9-09e6-eb43f35dd087","tintindex":0}}},{"name":"cube","from":[12.71,8.014999,9.875],"to":[13.19,8.375,11.39],"rotation":{"angle":0.0,"axis":"x","origin":[8.0,8.0,8.0]},"faces":{"down":{"uv":[3.0,0.0,4.0,1.0],"rotation":0,"texture":"#075ce4c4-32a6-c5a9-09e6-eb43f35dd087","tintindex":0},"east":{"uv":[3.0,3.0,6.0,6.0],"rotation":0,"texture":"#075ce4c4-32a6-c5a9-09e6-eb43f35dd087","tintindex":0},"north":{"uv":[3.0,0.0,5.0,1.0],"rotation":0,"texture":"#075ce4c4-32a6-c5a9-09e6-eb43f35dd087","tintindex":0},"south":{"uv":[3.0,0.0,4.0,1.0],"rotation":0,"texture":"#075ce4c4-32a6-c5a9-09e6-eb43f35dd087","tintindex":0},"up":{"uv":[3.0,0.0,6.0,2.0],"rotation":0,"texture":"#075ce4c4-32a6-c5a9-09e6-eb43f35dd087","tintindex":0},"west":{"uv":[3.0,0.0,6.0,2.0],"rotation":0,"texture":"#075ce4c4-32a6-c5a9-09e6-eb43f35dd087","tintindex":0}}},{"name":"cube","from":[12.755,8.014999,11.405001],"to":[13.115,8.375,11.795],"rotation":{"angle":0.0,"axis":"x","origin":[8.0,8.0,8.0]},"faces":{"down":{"uv":[3.0,0.0,4.0,1.0],"rotation":0,"texture":"#075ce4c4-32a6-c5a9-09e6-eb43f35dd087","tintindex":0},"east":{"uv":[3.0,0.0,6.0,5.0],"rotation":0,"texture":"#075ce4c4-32a6-c5a9-09e6-eb43f35dd087","tintindex":0},"north":{"uv":[0.0,0.0,0.3,0.3],"rotation":0,"texture":"#075ce4c4-32a6-c5a9-09e6-eb43f35dd087","tintindex":0},"south":{"uv":[0.0,0.0,0.3,0.3],"rotation":0,"texture":"#075ce4c4-32a6-c5a9-09e6-eb43f35dd087","tintindex":0},"up":{"uv":[3.0,0.0,4.0,1.0],"rotation":0,"texture":"#075ce4c4-32a6-c5a9-09e6-eb43f35dd087","tintindex":0},"west":{"uv":[3.0,0.0,4.0,1.0],"rotation":0,"texture":"#075ce4c4-32a6-c5a9-09e6-eb43f35dd087","tintindex":0}}},{"name":"cube","from":[12.650001,3.0049999,12.530001],"to":[13.25,3.665,13.685],"rotation":{"angle":0.0,"axis":"x","origin":[8.0,8.0,8.0]},"faces":{"down":{"uv":[0.0,0.0,0.5,0.9625],"rotation":0,"texture":"#075ce4c4-32a6-c5a9-09e6-eb43f35dd087","tintindex":0},"east":{"uv":[3.0,7.0,6.0,9.0],"rotation":0,"texture":"#075ce4c4-32a6-c5a9-09e6-eb43f35dd087","tintindex":0},"north":{"uv":[3.0,7.0,6.0,9.0],"rotation":0,"texture":"#075ce4c4-32a6-c5a9-09e6-eb43f35dd087","tintindex":0},"south":{"uv":[3.0,7.0,6.0,9.0],"rotation":0,"texture":"#075ce4c4-32a6-c5a9-09e6-eb43f35dd087","tintindex":0},"up":{"uv":[3.0,5.0,6.0,7.0],"rotation":0,"texture":"#075ce4c4-32a6-c5a9-09e6-eb43f35dd087","tintindex":0},"west":{"uv":[3.0,7.0,6.0,9.0],"rotation":0,"texture":"#075ce4c4-32a6-c5a9-09e6-eb43f35dd087","tintindex":0}}},{"name":"cube","from":[12.650001,2.6149995,12.6050005],"to":[13.25,2.9899995,13.565],"rotation":{"angle":0.0,"axis":"x","origin":[8.0,8.0,8.0]},"faces":{"down":{"uv":[3.0,0.0,6.0,1.0],"rotation":0,"texture":"#075ce4c4-32a6-c5a9-09e6-eb43f35dd087","tintindex":0},"east":{"uv":[3.0,0.0,6.0,5.0],"rotation":0,"texture":"#075ce4c4-32a6-c5a9-09e6-eb43f35dd087","tintindex":0},"north":{"uv":[3.0,0.0,6.0,3.0],"rotation":0,"texture":"#075ce4c4-32a6-c5a9-09e6-eb43f35dd087","tintindex":0},"south":{"uv":[3.0,0.0,6.0,3.0],"rotation":0,"texture":"#075ce4c4-32a6-c5a9-09e6-eb43f35dd087","tintindex":0},"up":{"uv":[0.0,0.0,0.5,0.8],"rotation":0,"texture":"#075ce4c4-32a6-c5a9-09e6-eb43f35dd087","tintindex":0},"west":{"uv":[3.0,0.0,6.0,3.0],"rotation":0,"texture":"#075ce4c4-32a6-c5a9-09e6-eb43f35dd087","tintindex":0}}},{"name":"cube","from":[12.650001,7.2200003,12.530001],"to":[13.25,7.88,13.685],"rotation":{"angle":0.0,"axis":"x","origin":[8.0,8.0,8.0]},"faces":{"down":{"uv":[3.0,0.0,4.0,3.0],"rotation":0,"texture":"#075ce4c4-32a6-c5a9-09e6-eb43f35dd087","tintindex":0},"east":{"uv":[3.0,0.0,6.0,5.0],"rotation":0,"texture":"#075ce4c4-32a6-c5a9-09e6-eb43f35dd087","tintindex":0},"north":{"uv":[3.0,0.0,4.0,3.0],"rotation":0,"texture":"#075ce4c4-32a6-c5a9-09e6-eb43f35dd087","tintindex":0},"south":{"uv":[3.0,0.0,3.5,0.55],"rotation":0,"texture":"#075ce4c4-32a6-c5a9-09e6-eb43f35dd087","tintindex":0},"up":{"uv":[0.0,0.0,0.5,0.9625],"rotation":0,"texture":"#075ce4c4-32a6-c5a9-09e6-eb43f35dd087","tintindex":0},"west":{"uv":[3.0,0.0,6.0,3.0],"rotation":0,"texture":"#075ce4c4-32a6-c5a9-09e6-eb43f35dd087","tintindex":0}}}],"display":{"head":{"translation":[0.0,-6.4,0.0],"rotation":[0.0,0.0,0.0],"scale":[3.8095,3.8095,3.8095]},"gui":{"translation":[0.0,0.0,0.0],"rotation":[35.0,225.0,0.0],"scale":[0.625,0.625,0.625]}}}