{"file_name":"2","texture_size":[16,16],"textures":{"a4d39376-ef1a-cd5d-22e1-c612b3e21b33":"oriented:entity/ceiling_fan"},"elements":[{"name":"element","from":[-1.3000002,6.2,7.7],"to":[17.3,6.8,8.3],"rotation":{"angle":0.0,"axis":"x","origin":[3.4999998,4.3999996,5.0]},"faces":{"down":{"uv":[0.0,0.0,3.0,1.0],"rotation":180,"texture":"#a4d39376-ef1a-cd5d-22e1-c612b3e21b33","tintindex":0},"east":{"uv":[0.0,0.0,3.0,1.0],"rotation":0,"texture":"#a4d39376-ef1a-cd5d-22e1-c612b3e21b33","tintindex":0},"north":{"uv":[0.0,0.0,3.0,1.0],"rotation":0,"texture":"#a4d39376-ef1a-cd5d-22e1-c612b3e21b33","tintindex":0},"south":{"uv":[0.0,0.0,3.0,1.0],"rotation":0,"texture":"#a4d39376-ef1a-cd5d-22e1-c612b3e21b33","tintindex":0},"up":{"uv":[0.0,0.0,3.0,1.0],"rotation":0,"texture":"#a4d39376-ef1a-cd5d-22e1-c612b3e21b33","tintindex":0},"west":{"uv":[0.0,0.0,3.0,1.0],"rotation":0,"texture":"#a4d39376-ef1a-cd5d-22e1-c612b3e21b33","tintindex":0}}},{"name":"element","from":[-0.7000003,6.38,8.3],"to":[16.7,6.8,8.9],"rotation":{"angle":0.0,"axis":"x","origin":[3.4999998,4.3999996,5.0]},"faces":{"down":{"uv":[0.0,0.0,3.0,1.0],"rotation":180,"texture":"#a4d39376-ef1a-cd5d-22e1-c612b3e21b33","tintindex":0},"east":{"uv":[0.0,0.0,3.0,1.0],"rotation":0,"texture":"#a4d39376-ef1a-cd5d-22e1-c612b3e21b33","tintindex":0},"north":{"uv":[0.0,0.0,3.0,1.0],"rotation":0,"texture":"#a4d39376-ef1a-cd5d-22e1-c612b3e21b33","tintindex":0},"south":{"uv":[0.0,0.0,2.0,1.0],"rotation":0,"texture":"#a4d39376-ef1a-cd5d-22e1-c612b3e21b33","tintindex":0},"up":{"uv":[0.0,0.0,3.0,1.0],"rotation":0,"texture":"#a4d39376-ef1a-cd5d-22e1-c612b3e21b33","tintindex":0},"west":{"uv":[0.0,0.0,3.0,1.0],"rotation":0,"texture":"#a4d39376-ef1a-cd5d-22e1-c612b3e21b33","tintindex":0}}},{"name":"element","from":[-0.7000003,6.38,7.1],"to":[16.7,6.8,7.7],"rotation":{"angle":0.0,"axis":"x","origin":[3.4999998,4.3999996,5.0]},"faces":{"down":{"uv":[0.0,0.0,3.0,1.0],"rotation":180,"texture":"#a4d39376-ef1a-cd5d-22e1-c612b3e21b33","tintindex":0},"east":{"uv":[0.0,0.0,3.0,1.0],"rotation":0,"texture":"#a4d39376-ef1a-cd5d-22e1-c612b3e21b33","tintindex":0},"north":{"uv":[0.0,0.0,3.0,1.0],"rotation":0,"texture":"#a4d39376-ef1a-cd5d-22e1-c612b3e21b33","tintindex":0},"south":{"uv":[0.0,0.0,3.0,1.0],"rotation":0,"texture":"#a4d39376-ef1a-cd5d-22e1-c612b3e21b33","tintindex":0},"up":{"uv":[0.0,0.0,1.0,1.0],"rotation":0,"texture":"#a4d39376-ef1a-cd5d-22e1-c612b3e21b33","tintindex":0},"west":{"uv":[0.0,0.0,1.0,0.7],"rotation":0,"texture":"#a4d39376-ef1a-cd5d-22e1-c612b3e21b33","tintindex":0}}}],"display":{"head":{"translation":[0.0,-6.4,0.0],"rotation":[0.0,0.0,0.0],"scale":[3.8095,3.8095,3.8095]},"gui":{"translation":[0.0,0.0,0.0],"rotation":[35.0,225.0,0.0],"scale":[0.625,0.625,0.625]}}}