{"file_name":"bone","texture_size":[16,16],"textures":{"a4d39376-ef1a-cd5d-22e1-c612b3e21b33":"oriented:entity/ceiling_fan"},"elements":[{"name":"element","from":[12.5,12.2,10.700001],"to":[13.1,16.400002,11.3],"rotation":{"angle":0.0,"axis":"x","origin":[12.8,15.8,12.8]},"faces":{"down":{"uv":[9.0,8.0,14.5,16.0],"rotation":0,"texture":"#a4d39376-ef1a-cd5d-22e1-c612b3e21b33","tintindex":0},"east":{"uv":[9.0,8.0,14.5,16.0],"rotation":0,"texture":"#a4d39376-ef1a-cd5d-22e1-c612b3e21b33","tintindex":0},"north":{"uv":[9.0,8.0,14.5,16.0],"rotation":0,"texture":"#a4d39376-ef1a-cd5d-22e1-c612b3e21b33","tintindex":0},"south":{"uv":[9.0,8.0,14.5,16.0],"rotation":0,"texture":"#a4d39376-ef1a-cd5d-22e1-c612b3e21b33","tintindex":0},"up":{"uv":[9.0,8.0,14.5,16.0],"rotation":0,"texture":"#a4d39376-ef1a-cd5d-22e1-c612b3e21b33","tintindex":0},"west":{"uv":[9.0,8.0,14.5,16.0],"rotation":0,"texture":"#a4d39376-ef1a-cd5d-22e1-c612b3e21b33","tintindex":0}}},{"name":"element","from":[11.6,16.400002,9.8],"to":[14.0,17.0,12.2],"rotation":{"angle":0.0,"axis":"x","origin":[8.0,8.0,8.0]},"faces":{"down":{"uv":[0.0,0.0,3.0,1.0],"rotation":0,"texture":"#a4d39376-ef1a-cd5d-22e1-c612b3e21b33","tintindex":0},"east":{"uv":[0.0,0.0,3.0,1.0],"rotation":0,"texture":"#a4d39376-ef1a-cd5d-22e1-c612b3e21b33","tintindex":0},"north":{"uv":[0.0,0.0,3.0,1.0],"rotation":0,"texture":"#a4d39376-ef1a-cd5d-22e1-c612b3e21b33","tintindex":0},"south":{"uv":[0.0,0.0,3.0,1.0],"rotation":0,"texture":"#a4d39376-ef1a-cd5d-22e1-c612b3e21b33","tintindex":0},"up":{"uv":[0.0,0.0,3.0,1.0],"rotation":0,"texture":"#a4d39376-ef1a-cd5d-22e1-c612b3e21b33","tintindex":0},"west":{"uv":[0.0,0.0,3.0,1.0],"rotation":0,"texture":"#a4d39376-ef1a-cd5d-22e1-c612b3e21b33","tintindex":0}}},{"name":"element","from":[8.0,17.0,6.2],"to":[17.6,17.6,15.8],"rotation":{"angle":0.0,"axis":"x","origin":[8.0,8.0,8.0]},"faces":{"down":{"uv":[0.0,15.0,1.0,16.0],"rotation":0,"texture":"#a4d39376-ef1a-cd5d-22e1-c612b3e21b33","tintindex":0},"east":{"uv":[0.0,15.0,1.0,16.0],"rotation":0,"texture":"#a4d39376-ef1a-cd5d-22e1-c612b3e21b33","tintindex":0},"north":{"uv":[0.0,15.0,1.0,16.0],"rotation":0,"texture":"#a4d39376-ef1a-cd5d-22e1-c612b3e21b33","tintindex":0},"south":{"uv":[0.0,15.0,1.0,16.0],"rotation":0,"texture":"#a4d39376-ef1a-cd5d-22e1-c612b3e21b33","tintindex":0},"up":{"uv":[0.0,15.0,1.0,16.0],"rotation":0,"texture":"#a4d39376-ef1a-cd5d-22e1-c612b3e21b33","tintindex":0},"west":{"uv":[0.0,15.0,1.0,16.0],"rotation":0,"texture":"#a4d39376-ef1a-cd5d-22e1-c612b3e21b33","tintindex":0}}}],"display":{"head":{"translation":[0.0,-6.4,0.0],"rotation":[0.0,0.0,0.0],"scale":[3.8095,3.8095,3.8095]},"gui":{"translation":[0.0,0.0,0.0],"rotation":[35.0,225.0,0.0],"scale":[0.625,0.625,0.625]}}}