{"file_name":"propeller","texture_size":[16,16],"textures":{"a4d39376-ef1a-cd5d-22e1-c612b3e21b33":"oriented:entity/ceiling_fan"},"elements":[{"name":"element","from":[6.5,6.5,6.5],"to":[9.5,7.7,9.5],"rotation":{"angle":0.0,"axis":"x","origin":[3.1999998,4.3999996,5.0]},"faces":{"down":{"uv":[7.5,8.0,16.0,16.0],"rotation":90,"texture":"#a4d39376-ef1a-cd5d-22e1-c612b3e21b33","tintindex":0},"east":{"uv":[7.5,8.0,16.0,16.0],"rotation":90,"texture":"#a4d39376-ef1a-cd5d-22e1-c612b3e21b33","tintindex":0},"north":{"uv":[7.5,8.0,16.0,16.0],"rotation":90,"texture":"#a4d39376-ef1a-cd5d-22e1-c612b3e21b33","tintindex":0},"south":{"uv":[7.5,8.0,16.0,16.0],"rotation":90,"texture":"#a4d39376-ef1a-cd5d-22e1-c612b3e21b33","tintindex":0},"up":{"uv":[7.5,8.0,16.0,16.0],"rotation":90,"texture":"#a4d39376-ef1a-cd5d-22e1-c612b3e21b33","tintindex":0},"west":{"uv":[7.5,8.0,16.0,16.0],"rotation":90,"texture":"#a4d39376-ef1a-cd5d-22e1-c612b3e21b33","tintindex":0}}},{"name":"element","from":[7.1,5.6,7.1],"to":[8.9,6.2,8.9],"rotation":{"angle":0.0,"axis":"x","origin":[3.1999998,4.3999996,5.0]},"faces":{"down":{"uv":[7.5,0.0,16.0,8.0],"rotation":90,"texture":"#a4d39376-ef1a-cd5d-22e1-c612b3e21b33","tintindex":0},"east":{"uv":[7.5,0.0,16.0,8.0],"rotation":90,"texture":"#a4d39376-ef1a-cd5d-22e1-c612b3e21b33","tintindex":0},"north":{"uv":[7.5,0.0,16.0,8.0],"rotation":90,"texture":"#a4d39376-ef1a-cd5d-22e1-c612b3e21b33","tintindex":0},"south":{"uv":[7.5,0.0,16.0,8.0],"rotation":90,"texture":"#a4d39376-ef1a-cd5d-22e1-c612b3e21b33","tintindex":0},"up":{"uv":[7.5,0.0,16.0,8.0],"rotation":90,"texture":"#a4d39376-ef1a-cd5d-22e1-c612b3e21b33","tintindex":0},"west":{"uv":[7.5,0.0,16.0,8.0],"rotation":90,"texture":"#a4d39376-ef1a-cd5d-22e1-c612b3e21b33","tintindex":0}}},{"name":"element","from":[6.8,6.2,6.8],"to":[9.2,6.8,9.2],"rotation":{"angle":0.0,"axis":"x","origin":[3.1999998,4.3999996,5.0]},"faces":{"down":{"uv":[0.0,0.0,3.0,1.0],"rotation":0,"texture":"#a4d39376-ef1a-cd5d-22e1-c612b3e21b33","tintindex":0},"east":{"uv":[0.0,0.0,3.0,1.0],"rotation":0,"texture":"#a4d39376-ef1a-cd5d-22e1-c612b3e21b33","tintindex":0},"north":{"uv":[0.0,0.0,3.0,1.0],"rotation":0,"texture":"#a4d39376-ef1a-cd5d-22e1-c612b3e21b33","tintindex":0},"south":{"uv":[0.0,0.0,3.0,1.0],"rotation":0,"texture":"#a4d39376-ef1a-cd5d-22e1-c612b3e21b33","tintindex":0},"up":{"uv":[0.0,0.0,3.0,1.0],"rotation":0,"texture":"#a4d39376-ef1a-cd5d-22e1-c612b3e21b33","tintindex":0},"west":{"uv":[0.0,0.0,3.0,1.0],"rotation":0,"texture":"#a4d39376-ef1a-cd5d-22e1-c612b3e21b33","tintindex":0}}},{"name":"element","from":[7.1,8.0,7.1],"to":[8.9,8.6,8.9],"rotation":{"angle":0.0,"axis":"x","origin":[3.1999998,4.3999996,5.0]},"faces":{"down":{"uv":[0.0,0.0,3.0,1.0],"rotation":0,"texture":"#a4d39376-ef1a-cd5d-22e1-c612b3e21b33","tintindex":0},"east":{"uv":[0.0,0.0,3.0,1.0],"rotation":0,"texture":"#a4d39376-ef1a-cd5d-22e1-c612b3e21b33","tintindex":0},"north":{"uv":[0.0,0.0,3.0,1.0],"rotation":0,"texture":"#a4d39376-ef1a-cd5d-22e1-c612b3e21b33","tintindex":0},"south":{"uv":[0.0,0.0,3.0,1.0],"rotation":0,"texture":"#a4d39376-ef1a-cd5d-22e1-c612b3e21b33","tintindex":0},"up":{"uv":[0.0,0.0,3.0,1.0],"rotation":0,"texture":"#a4d39376-ef1a-cd5d-22e1-c612b3e21b33","tintindex":0},"west":{"uv":[0.0,0.0,3.0,1.0],"rotation":0,"texture":"#a4d39376-ef1a-cd5d-22e1-c612b3e21b33","tintindex":0}}},{"name":"element","from":[6.8,7.4,6.8],"to":[9.2,8.0,9.2],"rotation":{"angle":0.0,"axis":"x","origin":[3.1999998,4.3999996,5.0]},"faces":{"down":{"uv":[0.0,0.0,3.0,1.0],"rotation":0,"texture":"#a4d39376-ef1a-cd5d-22e1-c612b3e21b33","tintindex":0},"east":{"uv":[0.0,0.0,3.0,1.0],"rotation":0,"texture":"#a4d39376-ef1a-cd5d-22e1-c612b3e21b33","tintindex":0},"north":{"uv":[0.0,0.0,3.0,1.0],"rotation":0,"texture":"#a4d39376-ef1a-cd5d-22e1-c612b3e21b33","tintindex":0},"south":{"uv":[0.0,0.0,3.0,1.0],"rotation":0,"texture":"#a4d39376-ef1a-cd5d-22e1-c612b3e21b33","tintindex":0},"up":{"uv":[0.0,0.0,2.0,1.0],"rotation":0,"texture":"#a4d39376-ef1a-cd5d-22e1-c612b3e21b33","tintindex":0},"west":{"uv":[0.0,0.0,3.0,1.0],"rotation":0,"texture":"#a4d39376-ef1a-cd5d-22e1-c612b3e21b33","tintindex":0}}}],"display":{"head":{"translation":[0.0,-6.4,0.0],"rotation":[0.0,0.0,0.0],"scale":[3.8095,3.8095,3.8095]},"gui":{"translation":[0.0,0.0,0.0],"rotation":[35.0,225.0,0.0],"scale":[0.625,0.625,0.625]}}}