{"file_name":"npc","texture_size":[64,64],"textures":{"6d08e541-ec8d-8ca9-86f5-638cc9e950f1":"oriented:entity/conductor"},"elements":[{"name":"body","from":[5.6,15.2,6.8],"to":[10.4,22.400002,9.2],"rotation":{"angle":0.0,"axis":"x","origin":[8.0,8.0,8.0]},"faces":{"down":{"uv":[9.0,4.0,7.0,5.0],"rotation":0,"texture":"#6d08e541-ec8d-8ca9-86f5-638cc9e950f1","tintindex":0},"east":{"uv":[4.0,5.0,5.0,8.0],"rotation":0,"texture":"#6d08e541-ec8d-8ca9-86f5-638cc9e950f1","tintindex":0},"north":{"uv":[5.0,5.0,7.0,8.0],"rotation":0,"texture":"#6d08e541-ec8d-8ca9-86f5-638cc9e950f1","tintindex":0},"south":{"uv":[8.0,5.0,10.0,8.0],"rotation":0,"texture":"#6d08e541-ec8d-8ca9-86f5-638cc9e950f1","tintindex":0},"up":{"uv":[7.0,5.0,5.0,4.0],"rotation":0,"texture":"#6d08e541-ec8d-8ca9-86f5-638cc9e950f1","tintindex":0},"west":{"uv":[7.0,5.0,8.0,8.0],"rotation":0,"texture":"#6d08e541-ec8d-8ca9-86f5-638cc9e950f1","tintindex":0}}},{"name":"body layer","from":[5.45,15.05,6.6499996],"to":[10.55,22.55,9.35],"rotation":{"angle":0.0,"axis":"x","origin":[8.0,8.0,8.0]},"faces":{"down":{"uv":[9.0,8.0,7.0,9.0],"rotation":0,"texture":"#6d08e541-ec8d-8ca9-86f5-638cc9e950f1","tintindex":0},"east":{"uv":[4.0,9.0,5.0,12.0],"rotation":0,"texture":"#6d08e541-ec8d-8ca9-86f5-638cc9e950f1","tintindex":0},"north":{"uv":[5.0,9.0,7.0,12.0],"rotation":0,"texture":"#6d08e541-ec8d-8ca9-86f5-638cc9e950f1","tintindex":0},"south":{"uv":[8.0,9.0,10.0,12.0],"rotation":0,"texture":"#6d08e541-ec8d-8ca9-86f5-638cc9e950f1","tintindex":0},"up":{"uv":[7.0,9.0,5.0,8.0],"rotation":0,"texture":"#6d08e541-ec8d-8ca9-86f5-638cc9e950f1","tintindex":0},"west":{"uv":[7.0,9.0,8.0,12.0],"rotation":0,"texture":"#6d08e541-ec8d-8ca9-86f5-638cc9e950f1","tintindex":0}}}],"display":{"head":{"translation":[0.0,-6.4,0.0],"rotation":[0.0,0.0,0.0],"scale":[3.8095,3.8095,3.8095]},"gui":{"translation":[0.0,0.0,0.0],"rotation":[35.0,225.0,0.0],"scale":[0.625,0.625,0.625]}}}